Workbook

Sheet simulator
A1: 모델 구분 | B1: 항목 | C1: 입력값 | D1: 기준값 | E1: 미달 범위 | F1: 보강안 | G1: 산정 근거나 기술적 이유
A2: 모델 1 (동남아 저층 RC주택) | B2: 층간변위비 (%) | C2: 0.5 | D2: 0.4 | E2: =IF((C2-D2)/D2<0,0,(C2-D2)/D2) -> 0.25 | F2: =IF(E2<=0.1,'보강안 및 근거'!F2,IF(AND(E2>0.1,E2<=0.3),'보강안 및 근거'!F3,IF(E2>0.3,'보강안 및 근거'!F4))) -> 주요 방향 골조에 철근콘크리트 전단벽을 신설하거나 강재 브레이싱을 도입하여 횡강성을 대폭 강화함 (20~30%↑ 수준). | G2: =IF(E2<=0.1,'보강안 및 근거'!G2,IF(AND(E2>0.1,E2<=0.3),'보강안 및 근거'!G3,IF(E2>0.3,'보강안 및 근거'!G4))) -> 전단벽 추가는 구조 횡강도를 크게 높여 지진 시 변위를 줄여줌. 기준 변위비 0.4% (H/250 수준)를 만족하기 위해 이러한 보강이 필요하며, 국내·국제 내진기준에서도 권장됨.
A3: 모델 1 (동남아 저층 RC주택) | B3: Pu/Pn | C3: 1.1 | D3: 1 | E3: =IF((C3-D3)/D3<0,0,(C3-D3)/D3) -> 0.1 | F3: =IF(E3<=0.1,'보강안 및 근거'!F5,IF(AND(E3>0.1,E3<=0.3),'보강안 및 근거'!F6,IF(E3>0.3,'보강안 및 근거'!F7))) -> RC 기둥의 FRP 랩핑 보강 등을 통해 축력저항을 소폭 증강 (약 5~10%). 국부적으로 기둥에 강판 플레이트나 증설 철근을 추가 배치하여 부족 내력을 보충. | G3: =IF(E3<=0.1,'보강안 및 근거'!G5,IF(AND(E3>0.1,E3<=0.3),'보강안 및 근거'!G6,IF(E3>0.3,'보강안 및 근거'!G7))) -> FRP로 기둥을 둘러싸면 콘크리트 구속 효과로 축강도가 향상되어 부족분을 메울 수 있음. KDS/ACI 설계 기준상 φPn ≥ Pu (Pu/Pn ≤ 1.0) 만족이 필요하며, 경미한 초과는 소규모 보강으로 해결 가능.
A4: 모델 1 (동남아 저층 RC주택) | B4: 최대 응력도 (%) | C4: 110 | D4: 100 | E4: =IF((C4-D4)/D4<0,0,(C4-D4)/D4) -> 0.1 | F4: =IF(E4<=0.1,'보강안 및 근거'!F8,IF(AND(E4>0.1,E4<=0.3),'보강안 및 근거'!F9,IF(E4>0.3,'보강안 및 근거'!F10))) -> 부재 허용응력을 약간 넘는 경우, RC 부재는 탄소섬유 시트 부착 등으로 강도를 보강하고 강재 부재는 국부 보강판을 덧대어 응력을 10% 이내 감소시킴. | G4: =IF(E4<=0.1,'보강안 및 근거'!G8,IF(AND(E4>0.1,E4<=0.3),'보강안 및 근거'!G9,IF(E4>0.3,'보강안 및 근거'!G10))) -> 소규모 보강으로도 부재 응력을 허용치 이내로 낮출 수 있어 균열∙변형을 방지함. 구조 설계상 재료 항복(100%)을 넘지 않아야 안전과 내구성이 확보되므로, 경미 초과 시 신속한 보강이 권장됨.
A5: 모델 1 (동남아 저층 RC주택) | B5: 부력 안전율 | C5: 1.1 | D5: 1.2 | E5: =IF((D5-C5)/D5<0,0,(D5-C5)/D5) -> 0.083333333 | F5: =IF(E5<=0.1,'보강안 및 근거'!F11,IF(AND(E5>0.1,E5<=0.3),'보강안 및 근거'!F12,IF(E5>0.3,'보강안 및 근거'!F13))) -> 기초 슬래브 두께 증대 또는 콘크리트 추가 적재 등을 통해 구조 자체 중량을 약간 증가시켜 부력에 대한 안전율을 1.2 이상으로 끌어올림. | G5: =IF(E5<=0.1,'보강안 및 근거'!G11,IF(AND(E5>0.1,E5<=0.3),'보강안 및 근거'!G12,IF(E5>0.3,'보강안 및 근거'!G13))) -> 자중이 증가하면 부상력에 대한 안정성이 비례 향상됨. 국내 기준(KDS)에서도 부력 안전율 1.2 이상 확보를 요구하며, 약 10% 중량 증대로 부족분을 만회할 수 있음.
A6: 모델 1 (동남아 저층 RC주택) | B6: 침하량 (mm) | C6: 80 | D6: 50 | E6: =IF((C6-D6)/D6<0,0,(C6-D6)/D6) -> 0.6 | F6: =IF(E6<=0.1,'보강안 및 근거'!F14,IF(AND(E6>0.1,E6<=0.3),'보강안 및 근거'!F15,IF(E6>0.3,'보강안 및 근거'!F16))) -> 심도 기초로의 전환: 현재 기초를 대체하거나 보강하여 말뚝기초 시스템으로 변경함. 충분한 길이의 말뚝을 설치해 건물 하중을 직접 깊은 지지층에 전달하고 침하를 근본적으로 억제. 아울러, 홍수 시 세굴 위험이 있는 경우 기초 주변에 세굴 방지 매트를 깔아 토사 유실로 인한 추가 침하를 방지. | G6: =IF(E6<=0.1,'보강안 및 근거'!G14,IF(AND(E6>0.1,E6<=0.3),'보강안 및 근거'!G15,IF(E6>0.3,'보강안 및 근거'!G16))) -> 50 mm 초과 침하는 구조물에 심각한 영향을 줄 수 있어 말뚝기초로의 근본적 개선이 필요함. 또한 세굴 방지 대책을 통해 홍수로 인한 지반 유실을 막아 추가 침하를 예방해야 함.
A7: 모델 2 (중동 철골-RC 복합구조) | B7: 층간변위비 (%) | C7: 0.3 | D7: 0.5 | E7: =IF((C7-D7)/D7<0,0,(C7-D7)/D7) -> 0 | F7: =IF(E7<=0.1,'보강안 및 근거'!F17,IF(AND(E7>0.1,E7<=0.3),'보강안 및 근거'!F18,IF(E7>0.3,'보강안 및 근거'!F19))) -> 철골 모멘트프레임 접합부에 보강 리브를 덧대거나 일부 경간에 소규모 가새(brace)를 추가하여 횡강성을 약간 향상, 변위를 기준치 이내로 조정. | G7: =IF(E7<=0.1,'보강안 및 근거'!G17,IF(AND(E7>0.1,E7<=0.3),'보강안 및 근거'!G18,IF(E7>0.3,'보강안 및 근거'!G19))) -> 강구조의 경우 약간의 강성 증대로도 변위 개선 효과가 있으며, ASCE(AISC) 기준 허용 드리프트 0.5%(H/200) 내로 유지하기 위해 경미한 초과에도 보강을 실시해 안정성 확보함.
A8: 모델 2 (중동 철골-RC 복합구조) | B8: Pu/Pn | C8: 0.7 | D8: 0.95 | E8: =IF((C8-D8)/D8<0,0,(C8-D8)/D8) -> 0 | F8: =IF(E8<=0.1,'보강안 및 근거'!F20,IF(AND(E8>0.1,E8<=0.3),'보강안 및 근거'!F21,IF(E8>0.3,'보강안 및 근거'!F22))) -> 철골 기둥 단면에 보강판을 국부 용접하여 단면적을 소폭 확대하거나, 강관 기둥일 경우 콘크리트를 충전해 합성단면 효과를 높여 약 5~10% 내력 증가. | G8: =IF(E8<=0.1,'보강안 및 근거'!G20,IF(AND(E8>0.1,E8<=0.3),'보강안 및 근거'!G21,IF(E8>0.3,'보강안 및 근거'!G22))) -> AISC 강구조 설계 기준상 φPn 내에서 사용해야 하며 (Pu/φPn ≤1.0), 본 모델은 고온 환경 등을 고려해 0.95로 제한한 상태. 소규모 단면 보강으로도 부족한 5~10% 내력을 보충 가능함.
A9: 모델 2 (중동 철골-RC 복합구조) | B9: 최대 응력도 (%) | C9: 0.85 | D9: 0.9 | E9: =IF((C9-D9)/D9<0,0,(C9-D9)/D9) -> 0 | F9: =IF(E9<=0.1,'보강안 및 근거'!F23,IF(AND(E9>0.1,E9<=0.3),'보강안 및 근거'!F24,IF(E9>0.3,'보강안 및 근거'!F25))) -> 허용응력을 약간 넘는 부재에 대해 국부 보강 실시. 예를 들어 철골보의 웹이나 플랜지에 보강 립을 덧대 좌굴을 방지하고 강성을 미세 증대, RC 부재에는 CFRP 시트를 붙여 인장면 강도를 보강함. | G9: =IF(E9<=0.1,'보강안 및 근거'!G23,IF(AND(E9>0.1,E9<=0.3),'보강안 및 근거'!G24,IF(E9>0.3,'보강안 및 근거'!G25))) -> 중동 모델은 고온 환경 등을 고려해 부재 사용응력을 90%로 제한하였는데, 경미한 초과 시에도 내구성 확보를 위해 즉시 보강이 필요함. 소규모 보강으로 응력을 허용범위 내로 낮춰 부재의 열화와 손상 위험을 줄일 수 있음.
A10: 모델 2 (중동 철골-RC 복합구조) | B10: 부력 안전율 | C10: N/A | D10: N/A | E10: N/A | F10: N/A | G10: N/A
A11: 모델 2 (중동 철골-RC 복합구조) | B11: 침하량 (mm) | C11: N/A | D11: N/A | E11: N/A | F11: N/A | G11: N/A
A12: 모델 3 (국내 중층 RC+지하) | B12: 층간변위비 (%) | C12: 0.2 | D12: 0.35 | E12: =IF((C12-D12)/D12<0,0,(C12-D12)/D12) -> 0 | F12: =IF(E12<=0.1,'보강안 및 근거'!F26,IF(AND(E12>0.1,E12<=0.3),'보강안 및 근거'!F27,IF(E12>0.3,'보강안 및 근거'!F28))) -> 기존 코어벽 두께 증설이나 벽체 일부 추가 등을 통해 횡강성을 소폭 향상하여 변위를 0.35% 이내로 조정. 또한 모멘트프레임 접합부에 강판 보강을 실시해 강성을 보완. | G12: =IF(E12<=0.1,'보강안 및 근거'!G26,IF(AND(E12>0.1,E12<=0.3),'보강안 및 근거'!G27,IF(E12>0.3,'보강안 및 근거'!G28))) -> 국내 중층 RC 건물의 층간변위 허용치는 약 0.35% 수준으로 설정되며, 경미한 초과는 부분적인 벽체/접합부 보강만으로 충분히 개선 가능함. 실제 Eurocode 기준도 H/250 (0.4%) 내로 드리프트를 제한하고 있음.
A13: 모델 3 (국내 중층 RC+지하) | B13: Pu/Pn | C13: 0.9 | D13: 1 | E13: =IF((C13-D13)/D13<0,0,(C13-D13)/D13) -> 0 | F13: =IF(E13<=0.1,'보강안 및 근거'!F29,IF(AND(E13>0.1,E13<=0.3),'보강안 및 근거'!F30,IF(E13>0.3,'보강안 및 근거'!F31))) -> RC 기둥 축내력이 약간 부족한 경우, 탄소섬유 시트로 기둥을 둘러 콘크리트 구속을 향상시키고 필요한 경우 외부에 강봉이나 강판을 체결하여 5~10% 내력 여력을 확보. | G13: =IF(E13<=0.1,'보강안 및 근거'!G29,IF(AND(E13>0.1,E13<=0.3),'보강안 및 근거'!G30,IF(E13>0.3,'보강안 및 근거'!G31))) -> 경미한 축력 부족은 기존 설계의 안전율 범위 내일 수 있으나, KDS 기준상 Pu/Pn ≤ 1.0 충족이 요구됨. FRP 보강 등을 통해 기둥 콘크리트 강도를 높이면 부족분을 메울 수 있고 기둥 연성도 함께 향상됨.
A14: 모델 3 (국내 중층 RC+지하) | B14: 최대 응력도 (%) | C14: 95 | D14: 100 | E14: =IF((C14-D14)/D14<0,0,(C14-D14)/D14) -> 0 | F14: =IF(E14<=0.1,'보강안 및 근거'!F32,IF(AND(E14>0.1,E14<=0.3),'보강안 및 근거'!F33,IF(E14>0.3,'보강안 및 근거'!F34))) -> RC 부재는 탄소섬유판 보강이나 추가 철근 부착으로, 강재 부재는 국부 보강판 용접으로 강도를 5~10% 높여 응력을 허용치 이내로 낮춤. 또한 중요 부재의 경우 과도한 활하중이 원인이라면 설비 재배치 등으로 작용 하중 자체를 일부 줄이는 조치도 병행. | G14: =IF(E14<=0.1,'보강안 및 근거'!G32,IF(AND(E14>0.1,E14<=0.3),'보강안 및 근거'!G33,IF(E14>0.3,'보강안 및 근거'!G34))) -> 허용 응력을 약간 초과한 상태를 방치하면 재료의 여유 강도가 감소하여 장기 성능에 영향을 줄 수 있음. 간단한 보강으로 응력을 즉시 낮춰주는 것이 바람직하며, 특히 RC 구조물의 균열 억제 및 사용성을 위해 최대 응력도 (%) 100% 이내 유지가 중요함.
A15: 모델 3 (국내 중층 RC+지하) | B15: 부력 안전율 | C15: 1.1 | D15: 1.2 | E15: =IF((D15-C15)/D15<0,0,(D15-C15)/D15) -> 0.083333333 | F15: =IF(E15<=0.1,'보강안 및 근거'!F35,IF(AND(E15>0.1,E15<=0.3),'보강안 및 근거'!F36,IF(E15>0.3,'보강안 및 근거'!F37))) -> 지하층 바닥판에 콘크리트를 증타하여 두께 및 자중을 증가시킴으로써 부력 안전율을 약간 향상 (예: 바닥 슬래브 두께 증대 등으로 ~10% 중량 증대). | G15: =IF(E15<=0.1,'보강안 및 근거'!G35,IF(AND(E15>0.1,E15<=0.3),'보강안 및 근거'!G36,IF(E15>0.3,'보강안 및 근거'!G37))) -> 건물 자중을 10% 증가시키면 부력에 대한 안전율도 약 1.1→1.2로 상승함. 기준상 부력 안전율 1.2 이상을 충족해야 안정한데, 소규모 슬래브 보강은 쉽게 자중을 늘려 부족한 안전율을 확보할 수 있는 방법임.
A16: 모델 3 (국내 중층 RC+지하) | B16: 침하량 (mm) | C16: 60 | D16: 40 | E16: =IF((C16-D16)/D16<0,0,(C16-D16)/D16) -> 0.5 | F16: =IF(E16<=0.1,'보강안 및 근거'!F38,IF(AND(E16>0.1,E16<=0.3),'보강안 및 근거'!F39,IF(E16>0.3,'보강안 및 근거'!F40))) -> 근본적 기초체계 개편: 건물을 전면 말뚝기초 시스템으로 업그레이드하여 연약지반 영향을 배제함. 기존 기초 하부에 설계 길이의 대구경 말뚝들을 촘촘히 시공하고 기초판과 일체화시켜 건물 하중을 직접 견고한 층에 전달. 아울러, 홍수 시 세굴에 대비해 기초 주변에 고강도 세굴방지 매트를 설치하거나 사석을 투설하여 지반 유실로 인한 추가 침하를 방지. | G16: =IF(E16<=0.1,'보강안 및 근거'!G38,IF(AND(E16>0.1,E16<=0.3),'보강안 및 근거'!G39,IF(E16>0.3,'보강안 및 근거'!G40))) -> 침하량 (mm)이 기준 대비 30% 이상 크면 구조물 균열∙경사 등 심각한 문제가 발생할 수 있으므로, 말뚝기초로의 전환을 통해 침하 문제를 근본적으로 해결해야 함. 또한 세굴 방지 대책을 시행하여 홍수 등 외부 요인에 의한 토사 유실을 막음으로써 장기적인 기초 안정성을 확보해야 함.

Sheet 기준값 및 근거
B2: 모델 구분 | C2: 항목 | D2: 기준값 | E2: 산정 근거 | F2: 상세 설명
B3: 모델 1 (동남아 저층 RC주택) | C3: 층간변위비 (%) | D3: 0.4 | E3: Eurocode (H/250) + 경량구조 특성 반영 | F3: 층고 3000mm 기준 시 허용변위 12mm = 0.4%, 비구조재 손상 억제 목적
B4: 모델 1 (동남아 저층 RC주택) | C4: Pu/Pn | D4: 1 | E4: KDS 0411 일반 RC 내력기준 | F4: 설계하중 Pu ≤ 설계내력 Pn 유지 필요
B5: 모델 1 (동남아 저층 RC주택) | C5: 최대 응력도 (%) | D5: 100 | E5: 재료 항복기준 (SD400) | F5: 강도 초과 시 항복 → 보강 필요
B6: 모델 1 (동남아 저층 RC주택) | C6: 부력 안전율 | D6: 1.2 | E6: FEMA P-55 + 얕은 기초 취약성 고려 | F6: 부력 ≤ 1/1.2 × 자중 (20% 여유)
B7: 모델 1 (동남아 저층 RC주택) | C7: 침하량 (mm) | D7: 50 | E7: 지표 침하 허용 기준 | F7: 일반 사용성 한계로 50mm 설정
B8: 모델 2 (중동 철골-RC 복합구조) | C8: 층간변위비 (%) | D8: 0.5 | E8: Eurocode (H/200) - 연성 프레임 반영 | F8: 층고 3000mm 기준 허용변위 15mm = 0.5%
B9: 모델 2 (중동 철골-RC 복합구조) | C9: Pu/Pn | D9: 0.95 | E9: AISC LRFD 기반 보수 설계 | F9: 보수적 내력계수 적용 → 5% 여유 유지
B10: 모델 2 (중동 철골-RC 복합구조) | C10: 최대 응력도 (%) | D10: 90 | E10: 고온 환경 고려, 설계강도 감산 | F10: 50℃ 이상 고온 영향 고려해 10% 여유 설정
B11: 모델 2 (중동 철골-RC 복합구조) | C11: 부력 안전율 | D11: N/A | E11: 지하 공간 없음 | F11: 지상 건물로 해당 없음
B12: 모델 2 (중동 철골-RC 복합구조) | C12: 침하량 (mm) | D12: N/A | E12: 지반 건조지역, 침하 영향 미미 | F12: 침하 가능성 낮음
B13: 모델 3 (국내 중층 RC+지하) | C13: 층간변위비 (%) | D13: 0.35 | E13: KDS 0411 + 도시밀집지 기준 강화 | F13: 0.35%는 H/286 수준, 도심지 마감 피해 최소화 목적
B14: 모델 3 (국내 중층 RC+지하) | C14: Pu/Pn | D14: 1 | E14: KDS 동일 적용 | F14: 동일 RC 설계 기준 반영
B15: 모델 3 (국내 중층 RC+지하) | C15: 최대 응력도 (%) | D15: 100 | E15: 재료 항복 기준 | F15: 항복 응력 초과 금지
B16: 모델 3 (국내 중층 RC+지하) | C16: 부력 안전율 | D16: 1.2 | E16: FEMA P-55, 국내 하부 구조 기준 | F16: 부상방지 여유율 20% 요구
B17: 모델 3 (국내 중층 RC+지하) | C17: 침하량 (mm) | D17: 40 | E17: 국내 지반 기준, 지하층 포함 RC 한계 강화 | F17: 기준 50mm에서 지하 포함 RC 건물은 10mm 강화

Sheet 보강안 및 근거
A1: 모델 구분 | B1: 항목 | D1: 기준값 | E1: 미달 범위 | F1: 보강안 제안 | G1: 산정 근거나 기술적 이유
A2: 모델 1 (동남아 저층 RC주택) | B2: 층간변위비 (%) | D2: 0.004 | E2: ≤10% | F2: 골조 접합부 보강이나 국부 가새 추가 등을 통해 횡강성을 약간 증가시켜 변위를 허용치 이내로 감소시킴. | G2: 강성 증대를 통해 구조물의 횡변위를 저감 가능. 기준치 초과가 경미한 경우 소규모 보강만으로도 0.4% 이내의 변위 제어가 가능함 (Eurocode 등에서 일반 건물 변위비 한계 0.4% 권고).
A3: 모델 1 (동남아 저층 RC주택) | B3: 층간변위비 (%) | D3: 0.004 | E3: 10~30% | F3: 주요 방향 골조에 철근콘크리트 전단벽을 신설하거나 강재 브레이싱을 도입하여 횡강성을 대폭 강화함 (20~30%↑ 수준). | G3: 전단벽 추가는 구조 횡강도를 크게 높여 지진 시 변위를 줄여줌. 기준 변위비 0.4% (H/250 수준)를 만족하기 위해 이러한 보강이 필요하며, 국내·국제 내진기준에서도 권장됨.
A4: 모델 1 (동남아 저층 RC주택) | B4: 층간변위비 (%) | D4: 0.004 | E4: >30% | F4: 복수의 전단벽 신설 등 구조 시스템 전환 수준의 보강 실시. 필요시 외부에 강재 가새 프레임을 추가하여 횡력저항 경로를 전면적으로 보강함. | G4: 기준 대비 30% 초과 변위는 현저한 내진 성능 부족을 의미하여, FEMA 등 지침에서도 전면적 보강을 권고. 전단벽·가새 추가로 횡강도/강도를 획기적으로 향상시켜야 함.
A5: 모델 1 (동남아 저층 RC주택) | B5: Pu/Pn | D5: 1 | E5: ≤10% | F5: RC 기둥의 FRP 랩핑 보강 등을 통해 축력저항을 소폭 증강 (약 5~10%). 국부적으로 기둥에 강판 플레이트나 증설 철근을 추가 배치하여 부족 내력을 보충. | G5: FRP로 기둥을 둘러싸면 콘크리트 구속 효과로 축강도가 향상되어 부족분을 메울 수 있음. KDS/ACI 설계 기준상 φPn ≥ Pu (Pu/Pn ≤ 1.0) 만족이 필요하며, 경미한 초과는 소규모 보강으로 해결 가능.
A6: 모델 1 (동남아 저층 RC주택) | B6: Pu/Pn | D6: 1 | E6: 10~30% | F6: 기둥 단면 확대 보강: 기존 기둥에 철근콘크리트를 둘러타설하여 단면적을 20~30% 늘리거나, 강판 재킷을 감싸 축내력을 증강시킴. 필요에 따라 부족한 라인에 기둥을 신설하여 하중 재분담. | G6: 강판 재킷 등은 RC 기둥의 좌굴과 압축강도를 크게 향상시켜 내력 부족분을 보완함. Pu/Pn 20% 이상의 초과는 설계 안전율을 침해하므로 적극적인 단면 보강 및 부재 추가로 기준(≤1.0) 만족이 필요.
A7: 모델 1 (동남아 저층 RC주택) | B7: Pu/Pn | D7: 1 | E7: >30% | F7: 심각한 축력 부족으로, 새로운 기둥/벽체를 추가 설치해 하중을 재배치하고 기존 주요 기둥은 강골로 둘러싸는 등 전면 보강을 실시 (재설계 수준 개선). | G7: 기준 대비 30% 이상 부족하면 단순 보강으로 한계가 있으며, 구조 시스템 자체의 보강이 필요. 새로운 부재 도입과 기둥의 전면적인 강재 보강을 통해서만 코드 요구 안전율을 만족시킬 수 있음.
A8: 모델 1 (동남아 저층 RC주택) | B8: 최대 응력도 (%) | D8: 1 | E8: ≤10% | F8: 부재 허용응력을 약간 넘는 경우, RC 부재는 탄소섬유 시트 부착 등으로 강도를 보강하고 강재 부재는 국부 보강판을 덧대어 응력을 10% 이내 감소시킴. | G8: 소규모 보강으로도 부재 응력을 허용치 이내로 낮출 수 있어 균열∙변형을 방지함. 구조 설계상 재료 항복(100%)을 넘지 않아야 안전과 내구성이 확보되므로, 경미 초과 시 신속한 보강이 권장됨.
A9: 모델 1 (동남아 저층 RC주택) | B9: 최대 응력도 (%) | D9: 1 | E9: 10~30% | F9: 기존 부재 단면에 강판 또는 강봉 등을 체결하여 단면 성능을 20~30% 향상시킴 (예: 강재보 플랜지에 보강판 용접, RC보 인장부에 강봉 외부 설치 등). 또는 과부하 부재를 경감시키기 위해 보조 보를 추가 설치하여 하중 분담. | G9: 부재 강도를 크게 높이는 보강을 통해서만 응력 초과분을 해소 가능함. 허용응력 20% 이상 초과 상태를 방치하면 피로 및 균열 문제가 발생하므로, 설계기준은 부재 사용률 100% 이내를 요구하고 보강을 통해 이를 만족시켜야 함.
A10: 모델 1 (동남아 저층 RC주택) | B10: 최대 응력도 (%) | D10: 1 | E10: >30% | F10: 부재 교체 또는 동등 부재 추가 등 근본적 대책 시행. 과다 응력을 받은 부재를 고강도·대단면 부재로 교체하거나 동일 위치에 2련 보 등으로 재시공. 예를 들어 장스팬 보에는 중간에 추가 기둥을 세워 경간을 단축하고, 기존 보를 강성 큰 새 보로 교체하여 전체 응력을 감소시킴. | G10: 허용치 대비 30% 초과 응력은 현 구조로는 지속 사용이 어려운 수준으로, 부재 수준의 대수선이 필요함. FEMA 등에서도 이러한 경우 부재 교체나 추가 지지부 도입을 권고하며, 이를 통해 구조 부재의 응력을 허용 범위로 낮춰야 함 (파단 예방 목적).
A11: 모델 1 (동남아 저층 RC주택) | B11: 부력 안전율 | D11: 1.2 | E11: ≤10% | F11: 기초 슬래브 두께 증대 또는 콘크리트 추가 적재 등을 통해 구조 자체 중량을 약간 증가시켜 부력에 대한 안전율을 1.2 이상으로 끌어올림. | G11: 자중이 증가하면 부상력에 대한 안정성이 비례 향상됨. 국내 기준(KDS)에서도 부력 안전율 1.2 이상 확보를 요구하며, 약 10% 중량 증대로 부족분을 만회할 수 있음.
A12: 모델 1 (동남아 저층 RC주택) | B12: 부력 안전율 | D12: 1.2 | E12: 10~30% | F12: 기초판에 타이다운(tie-down) 앵커를 설치하여 부족한 부력 저항을 확보하고, 기초 슬래브를 확장하거나 추가 콘크리트 타설로 자중을 보강 (병행 실시). | G12: 앵커는 구조물을 지반에 고정하여 부상력을 직접 저항하므로 안전율을 크게 높일 수 있음. 또한 지하 구조 주변에 차수벽 설치 및 배수를 통해 지하수 유입을 억제하면 부력 자체를 줄이는 효과도 있어 부력 저감에 기여함.
A13: 모델 1 (동남아 저층 RC주택) | B13: 부력 안전율 | D13: 1.2 | E13: >30% | F13: 대구경 프리스트레스 앵커 등 고용량 부력앵커를 다수 시공하여 구조물을 지반에 완전히 묶어 둠으로써 부상 방지. 아울러, 기초 면적을 건물 외곽까지 확대하여 주변 포화토의 추가 자중이 부력 저항에 기여하도록 기초 구조를 변경. | G13: 안전율이 30% 이상 모자란 경우 미보강 시 홍수 시 건물이 뜰 위험이 매우 높으므로, 강력한 앵커로 부력을 완전 상쇄해야 함. 기초를 확장하면 주변 토사의 중량이 추가로 부력에 저항하여 안정도 증가에 도움이 됨. 설계기준상 부력 안전율 1.2 이상 확보는 필수적임.
... A40: 모델 3 (국내 중층 RC+지하) | B40: 침하량 (mm) | D40: 40 | E40: >30% | F40: 근본적 기초체계 개편: 건물을 전면 말뚝기초 시스템으로 업그레이드하여 연약지반 영향을 배제함. 기존 기초 하부에 설계 길이의 대구경 말뚝들을 촘촘히 시공하고 기초판과 일체화시켜 건물 하중을 직접 견고한 층에 전달. 아울러, 홍수 시 세굴에 대비해 기초 주변에 고강도 세굴방지 매트를 설치하거나 사석을 투설하여 지반 유실로 인한 추가 침하를 방지. | G40: 침하량 (mm)이 기준 대비 30% 이상 크면 구조물 균열∙경사 등 심각한 문제가 발생할 수 있으므로, 말뚝기초로의 전환을 통해 침하 문제를 근본적으로 해결해야 함. 또한 세굴 방지 대책을 시행하여 홍수 등 외부 요인에 의한 토사 유실을 막음으로써 장기적인 기초 안정성을 확보해야 함.
